<speak xmlns="http://www.w3.org/2001/10/synthesis" xmlns:mstts="http://www.w3.org/2001/mstts" xmlns:emo="http://www.w3.org/2009/10/emotionml" version="1.0" xml:lang="zh-CN"><voice name="zh-CN-YunyeNeural">黛玉冷笑道：</voice><voice name="zh-CN-XiaoxiaoNeural"><s /><mstts:express-as style="disgruntled">“我说呢，亏了绊住，不然，早就飞了来了。”</mstts:express-as><s /> </voice><voice name="zh-CN-YunyeNeural">宝玉道：</voice><voice name="zh-CN-YunxiNeural">“只许和你玩，替你解闷。不过偶然到他那里，就说这些闲话。”</voice><voice name="zh-CN-XiaoxiaoNeural"><mstts:express-as style="angry">”好没意思的话！去不去，关我什么事儿？又没叫你替我解闷儿，还许你<mstts:ttsbreak strength="none" />从此<prosody contour="(24%, +49%) (59%, -2%)">不</prosody><prosody rate="-15.00%" contour="(24%, +49%) (59%, -2%)">理</prosody><prosody contour="(24%, +49%) (59%, -2%)">我呢</prosody>！”</mstts:express-as></voice><voice name="zh-CN-YunyeNeural"><s />说着，便赌气回房去了。</voice></speak>